product_category_name,product_category_name_english
cama_mesa_banho,bed_bath_table
beleza_saude,health_beauty
esporte_lazer,sports_leisure
moveis_decoracao,furniture_decor
informatica_acessorios,computers_accessories
utilidades_domesticas,housewares
relogios_presentes,watches_gifts
telefonia,telephony
ferramentas_jardim,garden_tools
automotivo,auto
brinquedos,toys
cool_stuff,cool_stuff
perfumaria,perfumery
bebes,baby
eletronicos,electronics
papelaria,stationery
fashion_bolsas_e_acessorios,fashion_bags_accessories
pet_shop,pet_shop
moveis_escritorio,office_furniture
consoles_games,consoles_games
malas_acessorios,luggage_accessories
construcao_ferramentas_construcao,construction_tools_construction
eletrodomesticos,home_appliances
instrumentos_musicais,musical_instruments
eletroportateis,small_appliances
casa_construcao,home_construction
livros_interesse_geral,books_general_interest
alimentos,food
moveis_sala,furniture_living_room
casa_conforto,home_confort
bebidas,drinks
audio,audio
climatizacao,air_conditioning
pcs,computers
eletrodomesticos_2,home_appliances_2
telefonia_fixa,fixed_telephony
artes,art
flores,flowers
market_place,market_place
industria_comercio_e_negocios,industry_commerce_and_business
agro_industria_e_comercio,agro_industry_and_commerce
livros_tecnicos,books_technical
fashion_calcados,fashion_shoes
sinalizacao_e_seguranca,signaling_and_security
